20.1.1.5. A népesség gazdasági aktivitása korcsoportok szerint, nemenként;;;;;;;;;;;;;;;;;;;;;;;;;;;;;;;;;;;;;;;;;;;;;;;;;;;;;;;;;;;;;;;;;;;;;;;;;;;;;;;;;;;;;;;;;;;;;;;;;;;;;;;;;;;;;;;;;;;;;;;;;;;;;;;;;;;;;;;
Korcsoport, éves;Foglalkoztatottak, ezer fõ, 2009;Munkanélküliek, ezer fõ, 2009;Gazdaságilag aktívak, ezer fõ, 2009;Gazdaságilag nem aktívak, ezer fõ, 2009;15–74 éves népesség, ezer fõ, 2009;Ebbõl: Potenciális munkaerõ-tartalék, ezer fõ, 2009;Aktivitási arány, %, 2009;Munkanélküliségi ráta, %, 2009;Foglalkoztatási ráta, %, 2009;Foglalkoztatottak, ezer fõ, 2010;Munkanélküliek, ezer fõ, 2010;Gazdaságilag aktívak, ezer fõ, 2010;Gazdaságilag nem aktívak, ezer fõ, 2010;15–74 éves népesség, ezer fõ, 2010;Ebbõl: Potenciális munkaerõ-tartalék, ezer fõ, 2010;Aktivitási arány, %, 2010;Munkanélküliségi ráta, %, 2010;Foglalkoztatási ráta, %, 2010;Foglalkoztatottak, ezer fõ, 2011;Munkanélküliek, ezer fõ, 2011;Gazdaságilag aktívak, ezer fõ, 2011;Gazdaságilag nem aktívak, ezer fõ, 2011;15–74 éves népesség, ezer fõ, 2011;Ebbõl: Potenciális munkaerõ-tartalék, ezer fõ, 2011;Aktivitási arány, %, 2011;Munkanélküliségi ráta, %, 2011;Foglalkoztatási ráta, %, 2011;Foglalkoztatottak, ezer fõ, 2012;Munkanélküliek, ezer fõ, 2012;Gazdaságilag aktívak, ezer fõ, 2012;Gazdaságilag nem aktívak, ezer fõ, 2012;15–74 éves népesség, ezer fõ, 2012;Ebbõl: Potenciális munkaerõ-tartalék, ezer fõ, 2012;Aktivitási arány, %, 2012;Munkanélküliségi ráta, %, 2012;Foglalkoztatási ráta, %, 2012;Foglalkoztatottak, ezer fõ, 2013;Munkanélküliek, ezer fõ, 2013;Gazdaságilag aktívak, ezer fõ, 2013;Gazdaságilag nem aktívak, ezer fõ, 2013;15–74 éves népesség, ezer fõ, 2013;Ebbõl: Potenciális munkaerõ-tartalék, ezer fõ, 2013;Aktivitási arány, %, 2013;Munkanélküliségi ráta, %, 2013;Foglalkoztatási ráta, %, 2013;Foglalkoztatottak, ezer fõ, 2014;Munkanélküliek, ezer fõ, 2014;Gazdaságilag aktívak, ezer fõ, 2014;Gazdaságilag nem aktívak, ezer fõ, 2014;15–74 éves népesség, ezer fõ, 2014;Ebbõl: Potenciális munkaerõ-tartalék, ezer fõ, 2014;Aktivitási arány, %, 2014;Munkanélküliségi ráta, %, 2014;Foglalkoztatási ráta, %, 2014;Foglalkoztatottak, ezer fõ, 2015;Munkanélküliek, ezer fõ, 2015;Gazdaságilag aktívak, ezer fõ, 2015;Gazdaságilag nem aktívak, ezer fõ, 2015;15–74 éves népesség, ezer fõ, 2015;Ebbõl: Potenciális munkaerõ-tartalék, ezer fõ, 2015;Aktivitási arány, %, 2015;Munkanélküliségi ráta, %, 2015;Foglalkoztatási ráta, %, 2015;Foglalkoztatottak, ezer fõ, 2016;Munkanélküliek, ezer fõ, 2016;Gazdaságilag aktívak, ezer fõ, 2016;Gazdaságilag nem aktívak, ezer fõ, 2016;15–74 éves népesség, ezer fõ, 2016;Ebbõl: Potenciális munkaerõ-tartalék, ezer fõ, 2016;Aktivitási arány, %, 2016;Munkanélküliségi ráta, %, 2016;Foglalkoztatási ráta, %, 2016;Foglalkoztatottak, ezer fõ, 2017;Munkanélküliek, ezer fõ, 2017;Gazdaságilag aktívak, ezer fõ, 2017;Gazdaságilag nem aktívak, ezer fõ, 2017;15–74 éves népesség, ezer fõ, 2017;Ebbõl: Potenciális munkaerõ-tartalék, ezer fõ, 2017;Aktivitási arány, %, 2017;Munkanélküliségi ráta, %, 2017;Foglalkoztatási ráta, %, 2017;Foglalkoztatottak, ezer fõ, 2018;Munkanélküliek, ezer fõ, 2018;Gazdaságilag aktívak, ezer fõ, 2018;Gazdaságilag nem aktívak, ezer fõ, 2018;15–74 éves népesség, ezer fõ, 2018;Ebbõl: Potenciális munkaerõ-tartalék, ezer fõ, 2018;Aktivitási arány, %, 2018;Munkanélküliségi ráta, %, 2018;Foglalkoztatási ráta, %, 2018;Foglalkoztatottak, ezer fõ, 2019;Munkanélküliek, ezer fõ, 2019;Gazdaságilag aktívak, ezer fõ, 2019;Gazdaságilag nem aktívak, ezer fõ, 2019;15–74 éves népesség, ezer fõ, 2019;Ebbõl: Potenciális munkaerõ-tartalék, ezer fõ, 2019;Aktivitási arány, %, 2019;Munkanélküliségi ráta, %, 2019;Foglalkoztatási ráta, %, 2019;Foglalkoztatottak, ezer fõ, 2020;Munkanélküliek, ezer fõ, 2020;Gazdaságilag aktívak, ezer fõ, 2020;Gazdaságilag nem aktívak, ezer fõ, 2020;15–74 éves népesség, ezer fõ, 2020;Ebbõl: Potenciális munkaerõ-tartalék, ezer fõ, 2020;Aktivitási arány, %, 2020;Munkanélküliségi ráta, %, 2020;Foglalkoztatási ráta, %, 2020;Foglalkoztatottak, ezer fõ, 2021;Munkanélküliek, ezer fõ, 2021;Gazdaságilag aktívak, ezer fõ, 2021;Gazdaságilag nem aktívak, ezer fõ, 2021;15–74 éves népesség, ezer fõ, 2021;Ebbõl: Potenciális munkaerõ-tartalék, ezer fõ, 2021;Aktivitási arány, %, 2021;Munkanélküliségi ráta, %, 2021;Foglalkoztatási ráta, %, 2021;Foglalkoztatottak, ezer fõ, 2022;Munkanélküliek, ezer fõ, 2022;Gazdaságilag aktívak, ezer fõ, 2022;Gazdaságilag nem aktívak, ezer fõ, 2022;15–74 éves népesség, ezer fõ, 2022;Ebbõl: Potenciális munkaerõ-tartalék, ezer fõ, 2022;Aktivitási arány, %, 2022;Munkanélküliségi ráta, %, 2022;Foglalkoztatási ráta, %, 2022;Foglalkoztatottak, ezer fõ, 2023;Munkanélküliek, ezer fõ, 2023;Gazdaságilag aktívak, ezer fõ, 2023;Gazdaságilag nem aktívak, ezer fõ, 2023;15–74 éves népesség, ezer fõ, 2023;Ebbõl: Potenciális munkaerõ-tartalék, ezer fõ, 2023;Aktivitási arány, %, 2023;Munkanélküliségi ráta, %, 2023;Foglalkoztatási ráta, %, 2023
Együtt;;;;;;;;;;;;;;;;;;;;;;;;;;;;;;;;;;;;;;;;;;;;;;;;;;;;;;;;;;;;;;;;;;;;;;;;;;;;;;;;;;;;;;;;;;;;;;;;;;;;;;;;;;;;;;;;;;;;;;;;;;;;;;;;;;;;;;;
15–19;11,5;11,4;22,9;563,7;586,6;19,1;3,9;49,7;2,0;11,8;9,8;21,7;557,9;579,6;16,1;3,7;45,4;2,0;11,2;8,4;19,6;552,8;572,3;15,8;3,4;43,0;1,9;10,2;10,8;20,9;536,0;557,0;18,6;3,8;51,5;1,8;12,6;13,5;26,1;510,5;536,6;22,5;4,9;51,7;2,4;17,9;11,0;28,8;486,6;515,4;20,8;5,6;38,0;3,5;22,1;10,7;32,8;465,9;498,7;17,9;6,6;32,6;4,4;24,8;8,8;33,7;453,9;487,6;16,3;6,9;26,2;5,1;26,0;8,2;34,2;446,7;480,9;15,4;7,1;23,9;5,4;26,8;7,8;34,7;430,3;465,0;14,1;7,5;22,6;5,8;28,7;8,8;37,4;427,4;464,9;16,1;8,1;23,5;6,2;23,0;7,6;30,6;437,3;467,8;14,8;6,5;24,7;4,9;23,0;9,5;32,4;437,1;469,5;16,5;6,9;29,2;4,9;25,3;7,7;33,0;440,1;473,1;13,6;7,0;23,3;5,3;26,5;10,8;37,2;434,7;471,9;17,0;7,9;28,9;5,6
20–24;214,7;67,4;282,1;340,5;622,6;95,2;45,3;23,9;34,5;212,4;68,4;280,8;334,2;614,9;95,0;45,7;24,4;34,5;207,3;66,1;273,3;334,5;607,8;96,7;45,0;24,2;34,1;209,8;73,9;283,6;327,5;611,1;106,1;46,4;26,0;34,3;223,7;70,0;293,7;317,9;611,5;106,2;48,0;23,8;36,6;251,2;56,6;307,8;299,8;607,6;83,9;50,7;18,4;41,3;264,4;48,2;312,6;287,0;599,5;71,8;52,1;15,4;44,1;282,2;35,9;318,1;265,2;583,3;57,9;54,5;11,3;48,4;283,6;28,1;311,7;251,9;563,6;48,4;55,3;9,0;50,3;269,7;24,7;294,4;235,7;530,1;39,4;55,5;8,4;50,9;250,7;27,0;277,7;232,6;510,3;44,3;54,4;9,7;49,1;239,5;30,5;270,0;217,0;487,0;51,1;55,4;11,3;49,2;229,1;30,4;259,4;212,8;472,2;48,5;54,9;11,7;48,5;231,8;22,8;254,6;221,5;476,1;35,4;53,5;8,9;48,7;239,8;28,4;268,1;226,9;495,0;38,1;54,2;10,6;48,4
25–29;501,1;63,3;564,4;119,0;683,4;91,0;82,6;11,2;73,3;461,6;70,8;532,3;116,1;648,4;100,8;82,1;13,3;71,2;443,4;59,0;502,4;112,1;614,5;91,9;81,8;11,7;72,2;436,4;65,3;501,7;102,5;604,2;98,1;83,0;13,0;72,2;440,7;55,7;496,5;104,2;600,7;84,7;82,6;11,2;73,4;465,1;45,7;510,7;90,8;601,5;74,6;84,9;8,9;77,3;472,3;40,9;513,2;89,4;602,6;62,0;85,2;8,0;78,4;487,1;31,0;518,1;87,6;605,7;48,9;85,5;6,0;80,4;498,7;24,0;522,7;84,8;607,5;41,0;86,0;4,6;82,1;497,7;21,0;518,6;87,9;606,5;33,9;85,5;4,0;82,1;500,6;22,8;523,4;82,8;606,2;34,7;86,3;4,4;82,6;488,0;29,8;517,7;83,2;600,9;48,6;86,2;5,7;81,2;478,1;25,4;503,5;84,5;587,9;44,6;85,6;5,0;81,3;468,0;21,9;490,0;74,5;564,5;32,6;86,8;4,5;82,9;452,9;23,8;476,6;73,4;550,1;34,6;86,7;5,0;82,3
30–34;617,1;55,5;672,6;98,4;771,0;87,8;87,2;8,3;80,0;604,3;63,5;667,8;97,2;765,0;94,8;87,3;9,5;79,0;610,8;55,3;666,2;92,2;758,4;87,3;87,8;8,3;80,5;588,1;59,1;647,2;83,9;731,1;92,5;88,5;9,1;80,4;560,4;53,7;614,1;77,2;691,2;85,8;88,8;8,7;81,1;546,6;39,9;586,6;66,8;653,4;64,3;89,8;6,8;83,7;527,0;33,6;560,6;64,5;625,1;55,0;89,7;6,0;84,3;527,6;24,0;551,5;58,2;609,7;38,5;90,5;4,3;86,5;522,9;20,3;543,2;55,3;598,5;34,8;90,8;3,7;87,4;523,6;19,2;542,7;54,6;597,3;30,5;90,9;3,5;87,7;532,7;13,6;546,3;57,1;603,4;24,0;90,5;2,5;88,3;520,0;18,5;538,5;70,3;608,8;37,2;88,5;3,4;85,4;523,7;22,3;546,0;65,3;611,3;37,7;89,3;4,1;85,7;538,4;17,7;556,2;55,5;611,7;26,8;90,9;3,2;88,0;531,6;22,7;554,3;54,7;609,0;32,5;91,0;4,1;87,3
35–39;610,6;53,6;664,1;94,9;759,0;86,6;87,5;8,1;80,4;620,1;63,4;683,5;96,7;780,2;101,7;87,6;9,3;79,5;635,2;65,9;701,1;100,5;801,6;105,8;87,5;9,4;79,2;661,1;67,7;728,7;96,3;825,0;111,9;88,3;9,3;80,1;694,7;57,4;752,1;90,4;842,5;98,2;89,3;7,6;82,5;711,2;46,1;757,3;81,0;838,3;82,1;90,3;6,1;84,8;692,4;40,1;732,5;75,6;808,1;67,5;90,6;5,5;85,7;669,5;30,3;699,7;69,3;769,1;51,1;91,0;4,3;87,0;638,6;24,7;663,3;65,0;728,2;42,4;91,1;3,7;87,7;609,9;22,2;632,1;59,6;691,7;40,5;91,4;3,5;88,2;584,3;16,6;600,9;58,1;659,1;31,0;91,2;2,8;88,7;548,8;22,2;571,0;62,5;633,4;41,2;90,1;3,9;86,6;540,5;21,2;561,7;57,3;619,0;38,8;90,7;3,8;87,3;540,2;20,4;560,6;51,3;611,9;31,6;91,6;3,6;88,3;542,0;21,3;563,2;47,9;611,1;30,4;92,2;3,8;88,7
40–44;539,4;51,2;590,6;96,7;687,3;83,5;85,9;8,7;78,5;544,5;57,0;601,5;94,3;695,8;89,8;86,5;9,5;78,3;551,0;59,5;610,5;93,9;704,4;95,0;86,7;9,7;78,2;574,1;52,8;626,9;85,2;712,1;91,0;88,0;8,4;80,6;579,9;55,8;635,6;79,9;715,5;94,1;88,8;8,8;81,0;615,4;41,4;656,8;71,7;728,5;72,7;90,2;6,3;84,5;659,0;35,3;694,4;66,5;760,9;61,5;91,3;5,1;86,6;701,4;27,4;728,7;67,3;796,1;51,1;91,5;3,8;88,1;732,2;23,6;755,8;65,1;820,9;42,9;92,1;3,1;89,2;751,6;23,8;775,3;65,6;841,0;41,6;92,2;3,1;89,4;751,0;22,2;773,2;66,0;839,2;39,2;92,1;2,9;89,5;715,7;25,4;741,2;70,4;811,6;49,0;91,3;3,4;88,2;691,4;21,1;712,5;60,6;773,1;38,2;92,2;3,0;89,4;662,2;18,1;680,2;53,3;733,5;30,1;92,7;2,7;90,3;625,6;21,4;647,0;48,6;695,6;31,3;93,0;3,3;89,9
45–49;493,0;47,6;540,6;121,2;661,8;82,1;81,7;8,8;74,5;477,8;51,3;529,0;103,3;632,4;83,5;83,7;9,7;75,6;459,6;52,6;512,2;91,5;603,7;87,8;84,8;10,3;76,1;473,5;47,1;520,6;85,7;606,3;83,0;85,9;9,1;78,1;499,4;47,0;546,3;83,6;629,9;86,2;86,7;8,6;79,3;542,8;33,3;576,1;78,0;654,1;67,0;88,1;5,8;83,0;570,8;31,2;602,0;75,1;677,1;57,4;88,9;5,2;84,3;597,3;22,9;620,2;76,0;696,3;44,9;89,1;3,7;85,8;622,0;18,0;640,0;65,5;705,5;37,8;90,7;2,8;88,2;633,1;15,9;649,0;63,3;712,3;31,2;91,1;2,4;88,9;648,3;16,5;664,8;63,9;728,6;31,3;91,2;2,5;89,0;668,6;22,6;691,1;70,9;762,0;41,7;90,7;3,3;87,7;707,7;20,0;727,7;68,1;795,7;38,0;91,4;2,8;88,9;741,8;19,6;761,4;62,2;823,6;33,3;92,4;2,6;90,1;755,3;23,2;778,5;60,8;839,3;35,7;92,8;3,0;90,0
50–54;451,4;37,7;489,1;161,6;650,7;64,9;75,2;7,7;69,4;450,1;45,2;495,4;155,0;650,4;76,4;76,2;9,1;69,2;453,8;48,3;502,0;147,0;649,0;84,6;77,4;9,6;69,9;458,4;48,2;506,6;121,9;628,5;84,6;80,6;9,5;72,9;449,6;39,5;489,1;117,4;606,5;77,5;80,6;8,1;74,1;458,1;28,5;486,6;105,2;591,8;60,7;82,2;5,8;77,4;468,8;28,6;497,5;85,4;582,9;52,3;85,3;5,8;80,4;477,5;22,6;500,0;80,3;580,4;41,9;86,2;4,5;82,3;495,2;19,1;514,3;76,8;591,2;34,3;87,0;3,7;83,8;525,5;16,3;541,7;73,3;615,0;29,9;88,1;3,0;85,4;551,6;13,3;564,9;76,2;641,0;27,3;88,1;2,4;86,0;575,2;16,6;591,8;73,1;664,9;37,2;89,0;2,8;86,5;596,5;18,8;615,3;68,4;683,7;33,7;90,0;3,1;87,2;610,7;19,8;630,5;65,9;696,4;30,0;90,5;3,1;87,7;615,0;20,8;635,8;64,0;699,7;29,5;90,9;3,3;87,9
55–59;347,9;26,7;374,6;352,1;726,7;49,2;51,5;7,1;47,9;381,5;35,9;417,4;329,0;746,5;62,7;55,9;8,6;51,1;407,1;45,0;452,1;313,7;765,9;79,1;59,0;10,0;53,2;422,7;41,0;463,7;303,9;767,5;80,1;60,4;8,8;55,1;432,6;39,7;472,3;277,5;749,8;78,2;63,0;8,4;57,7;450,4;28,8;479,2;233,0;712,2;59,3;67,3;6,0;63,2;443,6;23,9;467,5;199,8;667,3;49,9;70,1;5,1;66,5;440,8;17,3;458,1;171,2;629,4;35,4;72,8;3,8;70,0;428,4;13,4;441,8;157,7;599,5;28,0;73,7;3,0;71,5;428,5;10,5;438,9;139,0;577,9;23,8;76,0;2,4;74,1;421,4;9,8;431,2;134,4;565,6;23,3;76,2;2,3;74,5;420,4;13,5;434,0;124,1;558,1;26,6;77,8;3,1;75,3;437,9;14,2;452,1;103,8;555,9;26,5;81,3;3,1;78,8;454,3;12,8;467,1;101,9;569,0;22,7;82,1;2,7;79,8;490,5;14,0;504,5;91,7;596,2;22,0;84,6;2,8;82,3
60–64;77,2;2,8;80,1;524,7;604,8;11,2;13,2;3,5;12,8;78,5;3,6;82,1;540,8;622,9;14,3;13,2;4,3;12,6;88,9;5,1;94,0;546,9;640,9;15,7;14,7;5,4;13,9;90,0;6,0;96,1;555,2;651,3;19,4;14,8;6,3;13,8;103,0;7,2;110,2;552,4;662,6;23,9;16,6;6,6;15,5;133,0;11,0;143,9;541,0;684,9;29,8;21,0;7,6;19,4;179,9;14,3;194,2;514,0;708,2;31,4;27,4;7,4;25,4;231,8;13,6;245,4;475,0;720,5;28,2;34,1;5,6;32,2;252,8;11,9;264,8;454,5;719,3;26,6;36,8;4,5;35,2;269,3;7,9;277,2;423,7;700,9;20,0;39,5;2,8;38,4;279,4;6,2;285,7;380,7;666,3;18,1;42,9;2,2;41,9;285,6;8,1;293,8;331,7;625,4;19,8;47,0;2,8;45,7;283,4;7,5;291,0;298,9;589,9;20,7;49,3;2,6;48,0;288,2;10,6;298,8;263,7;562,5;20,3;53,1;3,6;51,2;298,3;11,9;310,1;232,5;542,6;19,3;57,2;3,8;55,0
65–69;24,1;...;24,4;483,4;507,9;3,4;4,8;...;4,7;24,9;...;24,9;486,6;511,5;…;4,9;...;4,9;26,9;...;27,1;488,0;515,0;2,8;5,3;...;5,2;27,2;...;28,2;490,5;518,7;4,4;5,4;...;5,3;26,0;...;26,7;502,5;529,2;5,5;5,0;...;4,9;23,0;...;23,7;516,9;540,6;5,1;4,4;...;4,3;25,6;...;26,5;530,1;556,5;4,5;4,8;...;4,6;30,5;...;31,1;549,3;580,4;3,1;5,4;...;5,3;34,6;...;34,8;558,6;593,4;4,5;5,9;...;5,8;40,7;…;41,0;558,7;599,6;4,7;6,8;…;6,8;56,0;…;56,8;562,8;619,6;4,8;9,2;…;9,0;62,9;…;64,3;575,9;640,1;6,5;10,0;…;9,8;76,0;…;78,4;570,3;648,7;6,9;12,1;…;11,7;82,6;…;84,1;563,4;647,5;3,8;13,0;…;12,8;85,7;…;87,2;542,8;630,1;4,3;13,8;…;13,6
70–74;6,4;...;6,4;408,2;414,6;…;1,5;...;1,5;6,2;...;6,3;408,8;415,1;…;1,5;...;1,5;7,9;...;8,0;407,8;415,8;…;1,9;...;1,9;7,2;...;7,3;415,7;422,9;…;1,7;...;1,7;6,7;...;6,9;426,8;433,7;…;1,6;...;1,6;7,9;...;7,9;437,0;444,9;…;1,8;...;1,8;9,1;...;9,1;441,9;451,0;…;2,0;...;2,0;11,8;...;11,9;437,3;449,2;…;2,7;...;2,6;13,4;...;13,4;438,4;451,8;…;3,0;...;3,0;17,1;…;17,3;440,0;457,3;…;3,8;…;3,7;19,9;…;20,1;446,7;466,8;…;4,3;…;4,3;21,1;…;21,2;458,7;479,9;…;4,4;…;4,4;22,6;…;23,2;473,9;497,1;…;4,7;…;4,5;26,2;…;27,3;478,5;505,8;…;5,4;…;5,2;34,5;…;36,2;477,6;513,8;3,1;7,0;…;6,7
Összesen;3 894,5;417,4;4 311,9;3 364,3;7 676,2;674,4;56,2;9,7;50,7;3 873,8;469,1;4 342,9;3 319,8;7 662,7;738,2;56,7;10,8;50,6;3 903,0;465,4;4 368,4;3 280,9;7 649,3;763,4;57,1;10,7;51,0;3 958,7;472,8;4 431,5;3 204,3;7 635,8;790,3;58,0;10,7;51,8;4 029,3;440,2;4 469,5;3 140,2;7 609,7;765,2;58,7;9,8;52,9;4 222,6;342,9;4 565,5;3 007,8;7 573,2;621,2;60,3;7,5;55,8;4 335,1;307,7;4 642,8;2 895,2;7 537,9;533,8;61,6;6,6;57,5;4 482,2;234,5;4 716,7;2 790,9;7 507,5;419,0;62,8;5,0;59,7;4 548,4;191,6;4 739,9;2 720,4;7 460,4;357,4;63,5;4,0;61,0;4 593,4;169,4;4 762,8;2 631,8;7 394,6;311,7;64,4;3,6;62,1;4 624,4;157,9;4 782,2;2 588,6;7 370,8;295,7;64,9;3,3;62,7;4 568,8;196,2;4 765,0;2 574,8;7 339,8;375,4;64,9;4,1;62,2;4 609,7;193,4;4 803,2;2 500,9;7 304,1;352,5;65,8;4,0;63,1;4 669,7;174,0;4 843,7;2 431,9;7 275,6;282,5;66,6;3,6;64,2;4 697,5;201,2;4 898,7;2 355,5;7 254,2;297,9;67,5;4,1;64,8
15–24;226,3;78,8;305,0;904,1;1 209,1;114,2;25,2;25,8;18,7;224,2;78,2;302,4;892,1;1 194,5;111,1;25,3;25,9;18,8;218,4;74,5;292,9;887,3;1 180,2;112,5;24,8;25,4;18,5;219,9;84,6;304,6;863,5;1 168,1;124,7;26,1;27,8;18,8;236,3;83,5;319,8;828,3;1 148,1;128,7;27,9;26,1;20,6;269,1;67,6;336,7;786,3;1 123,0;104,7;30,0;20,1;24,0;286,5;58,9;345,4;752,9;1 098,3;89,7;31,4;17,0;26,1;307,0;44,7;351,7;719,1;1 070,9;74,2;32,8;12,7;28,7;309,6;36,3;345,9;698,7;1 044,6;63,8;33,1;10,5;29,6;296,6;32,5;329,1;666,1;995,1;53,5;33,1;9,9;29,8;279,3;35,8;315,1;660,0;975,1;60,4;32,3;11,4;28,6;262,5;38,1;300,6;654,2;954,8;65,9;31,5;12,7;27,5;252,0;39,8;291,9;649,9;941,8;65,0;31,0;13,6;26,8;257,1;30,4;287,6;661,6;949,1;49,0;30,3;10,6;27,1;266,2;39,1;305,3;661,5;966,8;55,1;31,6;12,8;27,5
15–64;3 864,0;417,1;4 281,1;2 472,7;6 753,8;670,6;63,4;9,7;57,2;3 842,7;468,9;4 311,6;2 424,4;6 736,0;735,1;64,0;10,9;57,0;3 868,2;465,2;4 333,4;2 385,1;6 718,5;759,7;64,5;10,7;57,6;3 924,3;471,7;4 396,0;2 298,1;6 694,1;785,1;65,7;10,7;58,6;3 996,5;439,4;4 435,9;2 210,9;6 646,8;757,4;66,7;9,9;60,1;4 191,7;342,2;4 533,9;2 053,8;6 587,7;615,2;68,8;7,5;63,6;4 300,4;306,8;4 607,2;1 923,3;6 530,4;526,9;70,5;6,7;65,9;4 439,9;233,7;4 673,7;1 804,2;6 477,9;414,2;72,1;5,0;68,5;4 500,4;191,4;4 691,7;1 723,4;6 415,2;351,6;73,1;4,1;70,2;4 535,5;169,1;4 704,6;1 633,1;6 337,7;304,9;74,2;3,6;71,6;4 548,6;156,9;4 705,4;1 579,0;6 284,4;289,2;74,9;3,3;72,4;4 484,9;194,6;4 679,5;1 540,3;6 219,8;367,1;75,2;4,2;72,1;4 511,2;190,4;4 701,5;1 456,7;6 158,3;343,1;76,3;4,0;73,3;4 560,8;171,5;4 732,3;1 390,0;6 122,3;276,3;77,3;3,6;74,5;4 577,3;198,0;4 775,3;1 335,1;6 110,4;290,5;78,1;4,1;74,9
20–64;3 852,5;405,7;4 258,2;1 909,1;6 167,2;651,5;69,0;9,5;62,5;3 830,9;459,1;4 289,9;1 866,5;6 156,4;719,0;69,7;10,7;62,2;3 857,0;456,8;4 313,8;1 832,3;6 146,2;743,9;70,2;10,6;62,8;3 914,1;461,0;4 375,1;1 762,1;6 137,2;766,6;71,3;10,5;63,8;3 983,9;425,9;4 409,8;1 700,4;6 110,2;734,9;72,2;9,7;65,2;4 173,8;331,2;4 505,1;1 567,3;6 072,3;594,4;74,2;7,4;68,7;4 278,3;296,1;4 574,4;1 457,3;6 031,7;508,9;75,8;6,5;70,9;4 415,1;224,9;4 640,0;1 350,3;5 990,3;397,8;77,5;4,8;73,7;4 474,4;183,2;4 657,5;1 276,7;5 934,2;336,2;78,5;3,9;75,4;4 508,7;161,2;4 669,9;1 202,7;5 872,7;290,8;79,5;3,5;76,8;4 519,9;148,1;4 668,0;1 151,6;5 819,6;273,1;80,2;3,2;77,7;4 461,9;187,1;4 649,0;1 103,0;5 752,0;352,3;80,8;4,0;77,6;4 488,2;180,9;4 669,1;1 019,6;5 688,7;326,6;82,1;3,9;78,9;4 535,5;163,8;4 699,3;949,9;5 649,2;262,7;83,2;3,5;80,3;4 550,8;187,2;4 738,0;900,5;5 638,5;273,6;84,0;4,0;80,7
Férfiak;;;;;;;;;;;;;;;;;;;;;;;;;;;;;;;;;;;;;;;;;;;;;;;;;;;;;;;;;;;;;;;;;;;;;;;;;;;;;;;;;;;;;;;;;;;;;;;;;;;;;;;;;;;;;;;;;;;;;;;;;;;;;;;;;;;;;;;
15–19;7,3;7,0;14,3;284,4;298,7;11,6;4,8;49,2;2,4;6,4;6,3;12,7;283,0;295,6;10,0;4,3;49,8;2,2;6,9;5,2;12,2;280,3;292,4;10,0;4,2;43,0;2,4;6,2;7,1;13,2;271,7;285,0;11,0;4,6;53,5;2,2;7,8;8,2;16,1;258,7;274,7;14,0;5,8;51,3;2,8;10,1;7,0;17,1;247,0;264,0;12,8;6,5;40,8;3,8;15,1;5,9;21,0;234,7;255,7;10,1;8,2;28,1;5,9;15,4;5,6;21,0;229,1;250,1;10,2;8,4;26,8;6,2;15,7;4,7;20,4;226,1;246,6;9,0;8,3;23,0;6,4;16,3;5,0;21,2;217,9;239,1;8,0;8,9;23,4;6,8;19,3;5,3;24,5;214,3;238,9;10,3;10,3;21,5;8,1;14,6;4,7;19,3;222,0;241,3;9,4;8,0;24,4;6,0;14,8;6,2;21,0;220,6;241,6;10,1;8,7;29,6;6,1;16,1;4,4;20,5;222,5;243,0;7,9;8,4;21,4;6,6;18,0;6,1;24,1;215,9;240,0;8,9;10,0;25,2;7,5
20–24;115,7;40,4;156,2;159,4;315,6;57,0;49,5;25,9;36,7;114,7;40,1;154,9;157,8;312,6;55,7;49,5;25,9;36,7;111,8;38,6;150,5;159,5;310,0;55,4;48,5;25,7;36,1;112,2;41,4;153,6;159,1;312,7;58,7;49,1;26,9;35,9;127,6;38,3;165,9;146,9;312,8;58,3;53,0;23,1;40,8;141,6;30,9;172,5;137,8;310,4;46,3;55,6;17,9;45,6;142,9;29,4;172,3;134,1;306,4;43,6;56,2;17,1;46,6;157,1;20,0;177,1;121,1;298,2;32,0;59,4;11,3;52,7;160,4;14,3;174,7;113,6;288,3;24,5;60,6;8,2;55,6;154,2;13,6;167,8;104,8;272,6;20,9;61,6;8,1;56,6;144,1;16,8;160,9;102,4;263,3;24,7;61,1;10,4;54,7;136,6;16,0;152,7;97,7;250,4;26,7;61,0;10,5;54,6;131,4;14,1;145,5;97,7;243,1;22,7;59,8;9,7;54,0;128,2;14,2;142,3;101,6;243,9;21,1;58,4;9,9;52,6;135,8;17,3;153,1;102,5;255,6;23,3;59,9;11,3;53,1
25–29;262,2;37,7;300,0;45,8;345,8;51,6;86,7;12,6;75,8;241,0;42,4;283,4;44,2;327,6;58,7;86,5;14,9;73,6;235,1;33,6;268,7;41,5;310,1;50,6;86,6;12,5;75,8;228,6;39,2;267,8;38,4;306,2;54,9;87,5;14,6;74,6;233,1;32,9;266,0;39,2;305,3;47,4;87,2;12,4;76,4;252,5;24,0;276,5;30,4;306,9;38,9;90,1;8,7;82,3;256,9;22,0;278,9;29,6;308,5;33,5;90,4;7,9;83,3;262,1;17,0;279,1;31,5;310,6;26,7;89,9;6,1;84,4;270,9;11,1;282,0;29,9;312,0;19,0;90,4;3,9;86,8;270,7;10,3;281,0;31,0;312,0;17,1;90,1;3,7;86,8;267,2;12,5;279,7;31,9;311,6;19,2;89,8;4,5;85,7;261,0;16,4;277,3;31,7;309,0;26,8;89,8;5,9;84,5;256,6;14,6;271,2;30,5;301,7;23,9;89,9;5,4;85,0;254,1;12,2;266,4;23,1;289,5;17,0;92,0;4,6;87,8;242,2;12,2;254,4;27,8;282,2;17,7;90,1;4,8;85,8
30–34;332,1;30,7;362,8;25,6;388,4;46,5;93,4;8,5;85,5;321,5;36,7;358,2;26,5;384,7;52,1;93,1;10,2;83,6;326,0;29,6;355,6;25,1;380,8;45,8;93,4;8,3;85,6;311,9;34,9;346,8;21,1;367,8;49,7;94,3;10,1;84,8;293,4;30,7;324,1;23,6;347,7;45,9;93,2;9,5;84,4;290,2;20,6;310,9;17,7;328,6;31,9;94,6;6,6;88,3;278,0;16,8;294,8;19,8;314,6;29,2;93,7;5,7;88,4;279,6;13,4;293,0;15,3;308,3;20,3;95,1;4,6;90,7;278,8;11,9;290,6;13,1;303,8;19,1;95,7;4,1;91,8;282,0;10,8;292,8;12,8;305,7;16,5;95,8;3,7;92,3;288,5;7,5;296,0;14,3;310,3;13,1;95,4;2,5;93,0;287,1;9,3;296,4;17,1;313,5;16,0;94,6;3,1;91,6;286,6;9,8;296,4;18,9;315,2;17,0;94,0;3,3;90,9;291,5;8,9;300,4;14,7;315,1;13,4;95,3;3,0;92,5;290,9;11,9;302,7;12,4;315,1;15,8;96,1;3,9;92,3
35–39;321,0;28,9;350,0;31,0;381,0;43,8;91,9;8,3;84,3;327,8;33,8;361,6;30,5;392,0;51,3;92,2;9,4;83,6;340,2;36,1;376,4;26,9;403,3;54,4;93,3;9,6;84,4;351,4;37,7;389,1;27,1;416,2;57,7;93,5;9,7;84,4;367,3;29,9;397,2;27,7;424,9;48,0;93,5;7,5;86,4;377,9;23,2;401,1;21,5;422,6;38,5;94,9;5,8;89,4;368,7;18,3;387,0;20,0;407,0;30,2;95,1;4,7;90,6;351,4;16,5;367,9;18,7;386,6;26,2;95,2;4,5;90,9;337,6;12,0;349,6;16,3;365,9;21,2;95,5;3,4;92,3;322,1;12,2;334,3;16,2;350,5;20,3;95,4;3,6;91,9;310,8;8,1;318,9;15,8;334,7;14,4;95,3;2,5;92,9;291,5;11,3;302,9;19,9;322,8;21,3;93,8;3,7;90,3;289,9;10,2;300,1;16,0;316,1;18,6;94,9;3,4;91,7;288,8;9,9;298,7;13,8;312,5;14,2;95,6;3,3;92,4;292,4;9,4;301,7;11,2;312,9;12,6;96,4;3,1;93,4
40–44;274,4;27,5;301,9;38,2;340,2;43,1;88,8;9,1;80,7;275,3;30,6;305,9;39,7;345,6;45,4;88,5;10,0;79,7;280,0;31,4;311,4;39,8;351,2;49,4;88,7;10,1;79,7;293,5;28,5;322,0;34,7;356,7;45,4;90,3;8,9;82,3;299,7;28,8;328,5;30,5;359,0;45,9;91,5;8,8;83,5;321,7;20,4;342,2;23,7;365,9;33,8;93,5;6,0;87,9;345,1;16,3;361,3;21,2;382,5;27,2;94,5;4,5;90,2;365,5;14,1;379,6;21,2;400,8;22,3;94,7;3,7;91,2;382,6;11,1;393,7;19,9;413,5;18,2;95,2;2,8;92,5;392,6;10,7;403,3;23,1;426,4;17,6;94,6;2,6;92,1;394,9;10,0;405,0;21,1;426,1;16,7;95,0;2,5;92,7;380,8;12,8;393,6;19,1;412,7;21,4;95,4;3,3;92,3;363,8;10,9;374,7;17,7;392,4;18,4;95,5;2,9;92,7;347,5;9,5;357,0;15,1;372,1;14,4;95,9;2,7;93,4;330,6;10,3;340,9;12,8;353,7;14,0;96,4;3,0;93,5
45–49;243,0;25,0;268,0;54,5;322,4;41,2;83,1;9,3;75,4;235,9;25,7;261,6;47,7;309,2;41,0;84,6;9,8;76,3;230,3;25,2;255,6;40,8;296,4;42,0;86,2;9,9;77,7;237,6;22,9;260,5;38,9;299,4;39,2;87,0;8,8;79,4;251,4;22,3;273,7;38,0;311,8;40,1;87,8;8,2;80,6;273,1;16,3;289,4;35,3;324,7;32,3;89,1;5,6;84,1;288,7;16,3;305,1;32,0;337,0;28,5;90,5;5,3;85,7;303,0;11,9;314,9;32,6;347,5;21,7;90,6;3,8;87,2;315,0;9,5;324,4;28,1;352,5;18,0;92,0;2,9;89,3;325,6;7,7;333,3;26,2;359,5;15,6;92,7;2,3;90,6;332,0;8,9;340,9;28,1;369,0;15,7;92,4;2,6;90,0;345,9;11,9;357,7;28,0;385,7;20,3;92,7;3,3;89,7;367,6;9,4;377,0;26,3;403,3;17,2;93,5;2,5;91,1;383,3;11,0;394,3;23,4;417,7;16,7;94,4;2,8;91,8;389,1;12,1;401,1;24,4;425,6;17,3;94,3;3,0;91,4
50–54;218,5;17,8;236,3;73,3;309,6;30,2;76,3;7,5;70,6;213,8;23,5;237,4;72,3;309,7;37,3;76,7;9,9;69,1;220,2;23,5;243,7;65,7;309,4;41,4;78,8;9,6;71,2;220,0;24,4;244,4;56,5;300,8;41,5;81,2;10,0;73,1;216,1;20,8;236,8;54,3;291,1;39,1;81,4;8,8;74,2;219,3;16,2;235,5;49,8;285,3;31,4;82,5;6,9;76,9;227,6;14,6;242,2;40,4;282,6;26,3;85,7;6,0;80,5;234,6;12,0;246,5;36,1;282,7;21,8;87,2;4,9;83,0;250,2;9,3;259,5;29,5;289,1;15,5;89,8;3,6;86,6;265,5;8,2;273,7;30,9;304,5;14,1;89,9;3,0;87,2;284,9;6,4;291,3;27,4;318,7;12,2;91,4;2,2;89,4;294,2;8,6;302,8;28,9;331,7;16,7;91,3;2,8;88,7;305,5;9,7;315,2;26,6;341,7;16,2;92,2;3,1;89,4;309,6;10,6;320,1;28,3;348,4;16,0;91,9;3,3;88,9;309,2;10,9;320,2;31,0;351,2;14,9;91,2;3,4;88,1
55–59;188,7;15,1;203,8;132,3;336,1;26,3;60,6;7,4;56,1;194,6;20,3;214,9;130,7;345,6;32,8;62,2;9,5;56,3;202,0;25,3;227,3;127,7;355,0;41,0;64,0;11,1;56,9;218,4;21,9;240,3;116,4;356,7;40,8;67,4;9,1;61,2;226,6;22,5;249,0;99,8;348,8;39,5;71,4;9,0;65,0;234,1;14,6;248,7;82,8;331,4;29,1;75,0;5,9;70,6;229,8;12,5;242,2;68,5;310,7;23,5;77,9;5,1;73,9;223,9;8,3;232,2;61,8;294,0;17,2;79,0;3,6;76,2;217,8;6,0;223,8;57,2;281,0;12,9;79,6;2,7;77,5;221,9;5,2;227,2;47,9;275,0;11,7;82,6;2,3;80,7;219,6;5,5;225,0;45,9;270,9;11,7;83,1;2,4;81,0;217,3;7,9;225,3;43,8;269,1;13,6;83,7;3,5;80,8;224,5;8,9;233,4;36,0;269,3;15,1;86,6;3,8;83,4;230,2;7,4;237,6;39,3;276,9;12,8;85,8;3,1;83,1;248,4;8,2;256,6;34,8;291,4;11,8;88,1;3,2;85,3
60–64;44,6;...;46,1;220,5;266,6;5,5;17,3;3,3;16,7;45,5;…;47,5;228,7;276,2;7,0;17,2;…;16,5;49,9;2,8;52,7;233,1;285,8;8,0;18,4;5,3;17,4;49,5;3,9;53,4;237,3;290,7;10,8;18,4;7,2;17,0;62,3;4,6;66,9;229,1;296,0;13,5;22,6;6,9;21,1;82,5;8,2;90,7;216,1;306,8;19,8;29,6;9,1;26,9;112,2;9,2;121,4;196,5;317,9;17,4;38,2;7,6;35,3;144,9;8,4;153,3;170,9;324,2;14,4;47,3;5,5;44,7;160,8;5,9;166,7;157,5;324,2;12,2;51,4;3,5;49,6;167,9;3,9;171,8;146,5;318,2;8,7;54,0;2,3;52,8;178,0;3,8;181,8;121,4;303,1;8,7;60,0;2,1;58,7;180,5;5,0;185,5;99,8;285,2;10,3;65,0;2,7;63,3;176,4;4,4;180,8;89,1;269,9;10,1;67,0;2,5;65,4;180,9;6,3;187,2;71,5;258,6;11,2;72,4;3,3;69,9;180,7;6,7;187,4;63,2;250,6;10,6;74,8;3,5;72,1
65–69;14,6;...;14,7;198,5;213,2;…;6,9;...;6,9;14,1;...;14,1;201,3;215,5;…;6,6;...;6,5;15,8;...;15,9;201,8;217,7;…;7,3;...;7,3;15,9;...;16,1;204,1;220,2;…;7,3;...;7,2;14,4;...;14,5;211,0;225,5;2,9;6,4;...;6,4;12,8;...;13,1;217,8;231,0;…;5,7;...;5,5;13,5;...;14,2;224,4;238,5;…;5,9;...;5,7;17,0;...;17,2;231,6;248,8;…;6,9;...;6,8;20,3;...;20,4;233,4;253,7;…;8,0;...;8,0;25,5;…;25,6;231,2;256,8;…;10,0;…;9,9;32,7;…;33,3;232,8;266,1;…;12,5;…;12,3;33,5;…;34,3;241,3;275,5;2,6;12,4;…;12,1;41,0;…;42,0;237,4;279,4;…;15,0;…;14,7;47,5;…;48,4;231,7;280,1;…;17,3;…;17,0;49,6;…;50,1;223,7;273,8;…;18,3;…;18,1
70–74;3,9;...;3,9;155,4;159,3;…;2,5;...;2,5;3,4;...;3,6;155,9;159,5;…;2,2;...;2,2;4,4;...;4,4;155,4;159,8;…;2,8;...;2,7;4,3;...;4,3;159,6;163,9;…;2,6;...;2,6;4,8;...;4,9;165,1;170,0;…;2,9;...;2,9;5,0;...;5,0;171,2;176,2;…;2,8;...;2,8;5,7;...;5,7;174,2;179,9;…;3,2;...;3,2;8,1;...;8,1;172,0;180,1;…;4,5;...;4,5;7,3;...;7,3;174,6;181,9;…;4,0;...;4,0;8,8;…;8,8;175,6;184,4;…;4,8;…;4,8;11,4;…;11,6;177,0;188,6;…;6,1;…;6,1;11,8;…;11,8;182,4;194,3;…;6,1;…;6,1;13,3;…;13,6;187,1;200,7;…;6,8;…;6,6;14,1;…;14,4;189,3;203,7;…;7,1;…;6,9;21,5;…;22,2;185,4;207,6;…;10,7;…;10,4
Összesen;2 026,0;231,8;2 257,8;1 418,9;3 676,7;359,0;61,4;10,3;55,1;1 993,9;261,7;2 255,7;1 418,2;3 673,9;392,9;61,4;11,6;54,3;2 022,7;251,5;2 274,1;1 397,7;3 671,9;399,5;61,9;11,1;55,1;2 049,4;262,1;2 311,5;1 364,8;3 676,3;411,8;62,9;11,3;55,7;2 104,6;239,3;2 343,9;1 323,8;3 667,7;395,5;63,9;10,2;57,4;2 220,9;181,7;2 402,6;1 251,2;3 653,8;317,0;65,8;7,6;60,8;2 284,1;161,9;2 446,0;1 195,3;3 641,3;272,7;67,2;6,6;62,7;2 362,7;127,5;2 490,2;1 141,8;3 632,0;215,1;68,6;5,1;65,1;2 417,4;95,7;2 513,2;1 099,4;3 612,5;172,1;69,6;3,8;66,9;2 453,1;87,6;2 540,7;1 064,0;3 604,7;153,3;70,5;3,4;68,1;2 483,2;85,6;2 568,8;1 032,5;3 601,3;149,7;71,3;3,3;69,0;2 454,8;104,8;2 559,5;1 031,7;3 591,2;185,6;71,3;4,1;68,4;2 471,3;99,5;2 570,7;1 003,7;3 574,5;172,6;71,9;3,9;69,1;2 491,8;95,4;2 587,2;974,1;3 561,3;147,8;72,6;3,7;70,0;2 508,5;106,0;2 614,5;945,1;3 559,6;149,9;73,4;4,1;70,5
15–24;123,0;47,5;170,4;443,8;614,3;68,6;27,7;27,8;20,0;121,1;46,5;167,5;440,7;608,3;65,7;27,5;27,7;19,9;118,8;43,9;162,6;439,8;602,4;65,4;27,0;27,0;19,7;118,4;48,5;166,9;430,8;597,7;69,7;27,9;29,1;19,8;135,4;46,6;182,0;405,5;587,5;72,2;31,0;25,6;23,0;151,7;37,9;189,6;384,8;574,4;59,0;33,0;20,0;26,4;157,9;35,3;193,3;368,8;562,1;53,7;34,4;18,3;28,1;172,5;25,6;198,2;350,2;548,4;42,2;36,1;12,9;31,5;176,2;18,9;195,1;339,8;534,9;33,5;36,5;9,7;32,9;170,5;18,6;189,0;322,7;511,7;28,9;36,9;9,8;33,3;163,4;22,1;185,4;316,7;502,2;34,9;36,9;11,9;32,5;151,2;20,7;172,0;319,7;491,7;36,1;35,0;12,1;30,8;146,2;20,3;166,5;318,3;484,8;32,8;34,3;12,2;30,2;144,3;18,5;162,8;324,1;486,9;29,0;33,4;11,4;29,6;153,8;23,4;177,2;318,3;495,6;32,2;35,8;13,2;31,0
15–64;2 007,4;231,8;2 239,2;1 065,0;3 304,2;356,7;67,8;10,4;60,8;1 976,4;261,6;2 238,0;1 061,0;3 298,9;391,2;67,8;11,7;59,9;2 002,5;251,4;2 253,9;1 040,5;3 294,4;398,0;68,4;11,2;60,8;2 029,3;261,8;2 291,1;1 001,1;3 292,2;409,6;69,6;11,4;61,6;2 085,4;239,0;2 324,4;947,7;3 272,1;391,7;71,0;10,3;63,7;2 203,1;181,4;2 384,5;862,2;3 246,7;314,6;73,4;7,6;67,9;2 264,9;161,3;2 426,2;796,7;3 222,9;269,4;75,3;6,6;70,3;2 337,5;127,3;2 464,8;738,2;3 203,1;212,8;77,0;5,2;73,0;2 389,8;95,7;2 485,5;691,4;3 176,9;169,5;78,2;3,8;75,2;2 418,8;87,5;2 506,3;657,1;3 163,4;150,4;79,2;3,5;76,5;2 439,1;84,8;2 524,0;622,7;3 146,6;146,7;80,2;3,4;77,5;2 409,5;104,0;2 513,4;608,0;3 121,4;182,5;80,5;4,1;77,2;2 417,1;98,1;2 515,2;579,3;3 094,4;169,3;81,3;3,9;78,1;2 430,2;94,2;2 524,4;553,2;3 077,6;144,6;82,0;3,7;79,0;2 437,3;104,9;2 542,2;536,0;3 078,2;146,7;82,6;4,1;79,2
20–64;2 000,2;224,8;2 224,9;780,6;3 005,5;345,1;74,0;10,1;66,5;1 970,0;255,3;2 225,3;778,0;3 003,3;381,2;74,1;11,5;65,6;1 995,5;246,2;2 241,7;760,2;3 001,9;388,0;74,7;11,0;66,5;2 023,1;254,7;2 277,9;729,4;3 007,2;398,6;75,7;11,2;67,3;2 077,5;230,8;2 308,3;689,1;2 997,4;377,7;77,0;10,0;69,3;2 193,0;174,4;2 367,4;615,2;2 982,6;301,8;79,4;7,4;73,5;2 249,8;155,4;2 405,2;562,0;2 967,2;259,3;81,1;6,5;75,8;2 322,1;121,7;2 443,8;509,2;2 953,0;202,6;82,8;5,0;78,6;2 374,1;91,0;2 465,1;465,3;2 930,4;160,5;84,1;3,7;81,0;2 402,5;82,6;2 485,1;439,2;2 924,3;142,4;85,0;3,3;82,2;2 419,9;79,6;2 499,4;408,4;2 907,8;136,4;86,0;3,2;83,2;2 394,9;99,2;2 494,1;386,0;2 880,1;173,1;86,6;4,0;83,2;2 402,3;91,9;2 494,2;358,6;2 852,8;159,2;87,4;3,7;84,2;2 414,1;89,8;2 503,9;330,7;2 834,6;136,7;88,3;3,6;85,2;2 419,3;98,9;2 518,1;320,1;2 838,2;137,8;88,7;3,9;85,2
Nõk;;;;;;;;;;;;;;;;;;;;;;;;;;;;;;;;;;;;;;;;;;;;;;;;;;;;;;;;;;;;;;;;;;;;;;;;;;;;;;;;;;;;;;;;;;;;;;;;;;;;;;;;;;;;;;;;;;;;;;;;;;;;;;;;;;;;;;;
15–19;4,3;4,4;8,6;279,2;287,9;7,4;3,0;50,5;1,5;5,5;3,5;9,0;274,9;283,9;6,1;3,2;39,2;1,9;4,2;3,2;7,4;272,5;279,9;5,8;2,6;42,9;1,5;4,0;3,7;7,7;264,3;272,0;7,6;2,8;48,0;1,5;4,8;5,3;10,1;251,8;261,9;8,5;3,8;52,4;1,8;7,8;4,0;11,8;239,6;251,4;8,0;4,7;34,0;3,1;7,0;4,8;11,8;231,2;243,0;7,8;4,9;40,6;2,9;9,4;3,2;12,6;224,8;237,4;6,1;5,3;25,4;4,0;10,3;3,5;13,8;220,6;234,4;6,4;5,9;25,2;4,4;10,6;2,9;13,4;212,4;225,9;6,1;6,0;21,5;4,7;9,4;3,5;12,9;213,1;226,0;5,8;5,7;27,2;4,2;8,4;2,8;11,3;215,2;226,5;5,4;5,0;25,2;3,7;8,2;3,3;11,4;216,5;227,9;6,4;5,0;28,7;3,6;9,2;3,3;12,5;217,6;230,1;5,7;5,4;26,6;4,0;8,4;4,7;13,1;218,8;231,9;8,1;5,7;35,7;3,6
20–24;99,0;27,0;126,0;181,0;307,0;38,2;41,0;21,4;32,2;97,7;28,2;125,9;176,4;302,3;39,4;41,6;22,4;32,3;95,4;27,4;122,9;175,0;297,9;41,3;41,2;22,3;32,0;97,5;32,5;130,0;168,4;298,3;47,4;43,6;25,0;32,7;96,1;31,6;127,7;171,0;298,7;47,9;42,8;24,8;32,2;109,6;25,7;135,3;161,9;297,2;37,6;45,5;19,0;36,9;121,5;18,7;140,3;152,9;293,2;28,2;47,8;13,4;41,5;125,1;15,8;140,9;144,1;285,1;25,9;49,4;11,2;43,9;123,2;13,9;137,0;138,3;275,3;24,0;49,8;10,1;44,7;115,5;11,1;126,6;131,0;257,5;18,5;49,2;8,7;44,9;106,6;10,2;116,7;130,2;246,9;19,7;47,3;8,7;43,2;102,9;14,5;117,4;119,3;236,6;24,4;49,6;12,3;43,5;97,7;16,3;114,0;115,1;229,1;25,8;49,8;14,3;42,6;103,6;8,6;112,2;120,0;232,2;14,3;48,3;7,7;44,6;104,0;11,0;115,0;124,4;239,4;14,8;48,0;9,6;43,4
25–29;238,9;25,5;264,4;73,2;337,6;39,4;78,3;9,7;70,8;220,5;28,4;248,9;71,8;320,8;42,1;77,6;11,4;68,8;208,3;25,4;233,7;70,6;304,3;41,3;76,8;10,9;68,4;207,8;26,0;233,9;64,1;298,0;43,2;78,5;11,1;69,7;207,6;22,8;230,4;65,0;295,4;37,3;78,0;9,9;70,3;212,5;21,7;234,2;60,4;294,6;35,8;79,5;9,3;72,1;215,5;18,9;234,4;59,8;294,1;28,6;79,7;8,1;73,3;225,0;13,9;239,0;56,1;295,1;22,2;81,0;5,8;76,3;227,8;12,9;240,7;54,9;295,6;22,0;81,4;5,4;77,1;227,0;10,6;237,6;56,9;294,5;16,8;80,7;4,5;77,1;233,4;10,3;243,7;50,9;294,5;15,5;82,7;4,2;79,2;227,0;13,4;240,4;51,5;291,9;21,8;82,4;5,6;77,8;221,5;10,7;232,3;54,0;286,2;20,7;81,1;4,6;77,4;213,9;9,7;223,6;51,4;275,0;15,7;81,3;4,3;77,8;210,7;11,6;222,3;45,6;267,8;16,9;83,0;5,2;78,7
30–34;285,0;24,8;309,8;72,8;382,6;41,3;81,0;8,0;74,5;282,8;26,8;309,6;70,7;380,3;42,7;81,4;8,7;74,4;284,8;25,7;310,5;67,1;377,6;41,5;82,2;8,3;75,4;276,2;24,2;300,4;62,9;363,3;42,8;82,7;8,1;76,0;267,0;23,0;290,0;53,6;343,6;40,0;84,4;7,9;77,7;256,4;19,3;275,7;49,1;324,9;32,4;84,9;7,0;78,9;249,0;16,9;265,8;44,7;310,5;25,9;85,6;6,3;80,2;248,0;10,5;258,5;42,9;301,4;18,2;85,8;4,1;82,3;244,1;8,5;252,6;42,1;294,7;15,7;85,7;3,4;82,8;241,6;8,3;249,9;41,8;291,7;14,0;85,7;3,3;82,8;244,2;6,1;250,3;42,7;293,0;10,9;85,4;2,4;83,3;232,9;9,2;242,1;53,2;295,3;21,2;82,0;3,8;78,9;237,2;12,5;249,6;46,5;296,1;20,7;84,3;5,0;80,1;246,9;8,9;255,8;40,9;296,6;13,3;86,2;3,5;83,2;240,7;10,9;251,6;42,3;293,9;16,7;85,6;4,3;81,9
35–39;289,5;24,6;314,2;63,8;378,0;42,8;83,1;7,8;76,6;292,4;29,6;322,0;66,2;388,2;50,4;82,9;9,2;75,3;295,0;29,7;324,7;73,6;398,3;51,4;81,5;9,2;74,1;309,7;30,0;339,7;69,1;408,8;54,1;83,1;8,8;75,8;327,3;27,5;354,8;62,7;417,6;50,2;85,0;7,8;78,4;333,2;22,9;356,2;59,5;415,7;43,6;85,7;6,4;80,2;323,7;21,8;345,4;55,7;401,1;37,3;86,1;6,3;80,7;318,1;13,7;331,8;50,6;382,4;24,9;86,8;4,1;83,2;301,0;12,7;313,7;48,6;362,3;21,3;86,6;4,1;83,1;287,8;10,0;297,8;43,5;341,2;20,3;87,3;3,4;84,3;273,5;8,5;282,1;42,3;324,4;16,6;87,0;3,0;84,3;257,3;10,8;268,1;42,5;310,6;19,9;86,3;4,0;82,8;250,6;11,0;261,6;41,3;302,9;20,1;86,4;4,2;82,7;251,3;10,6;261,9;37,5;299,4;17,4;87,5;4,0;83,9;249,6;11,9;261,5;36,7;298,2;17,8;87,7;4,6;83,7
40–44;264,9;23,7;288,6;58,5;347,1;40,4;83,1;8,2;76,3;269,2;26,4;295,6;54,6;350,2;44,5;84,4;8,9;76,9;271,0;28,1;299,1;54,1;353,2;45,7;84,7;9,4;76,7;280,6;24,3;304,8;50,6;355,4;45,7;85,8;8,0;79,0;280,1;27,0;307,1;49,4;356,5;48,2;86,1;8,8;78,6;293,7;21,0;314,6;48,0;362,6;38,9;86,8;6,7;81,0;314,0;19,1;333,1;45,3;378,4;34,3;88,0;5,7;83,0;335,9;13,2;349,1;46,1;395,2;28,8;88,3;3,8;85,0;349,6;12,5;362,1;45,3;407,4;24,8;88,9;3,5;85,8;358,9;13,1;372,1;42,5;414,6;24,0;89,7;3,5;86,6;356,1;12,2;368,3;44,8;413,1;22,6;89,1;3,3;86,2;335,0;12,6;347,6;51,3;398,8;27,6;87,1;3,6;84,0;327,6;10,3;337,8;42,9;380,7;19,9;88,7;3,0;86,0;314,7;8,6;323,3;38,2;361,4;15,7;89,4;2,6;87,1;295,0;11,1;306,0;35,8;341,9;17,4;89,5;3,6;86,3
45–49;250,0;22,6;272,6;66,7;339,3;40,9;80,3;8,3;73,7;241,9;25,6;267,5;55,7;323,2;42,5;82,8;9,6;74,9;229,3;27,4;256,6;50,7;307,3;45,8;83,5;10,7;74,6;236,0;24,2;260,2;46,8;307,0;43,8;84,7;9,3;76,9;248,0;24,6;272,6;45,5;318,1;46,1;85,7;9,0;77,9;269,7;17,0;286,8;42,7;329,4;34,7;87,0;5,9;81,9;282,1;14,9;296,9;43,1;340,0;28,9;87,3;5,0;82,9;294,3;11,1;305,4;43,4;348,8;23,2;87,5;3,6;84,4;307,0;8,5;315,5;37,4;352,9;19,8;89,4;2,7;87,0;307,5;8,2;315,7;37,1;352,8;15,7;89,5;2,6;87,2;316,3;7,6;323,9;35,7;359,6;15,6;90,1;2,4;87,9;322,8;10,7;333,4;42,9;376,3;21,4;88,6;3,2;85,8;340,1;10,6;350,7;41,8;392,4;20,8;89,4;3,0;86,7;358,5;8,6;367,1;38,8;405,9;16,6;90,4;2,3;88,3;366,3;11,1;377,4;36,4;413,7;18,4;91,2;2,9;88,5
50–54;233,0;19,9;252,8;88,2;341,1;34,7;74,1;7,9;68,3;236,3;21,7;258,0;82,7;340,7;39,1;75,7;8,4;69,4;233,6;24,8;258,4;81,3;339,7;43,2;76,1;9,6;68,8;238,4;23,8;262,2;65,5;327,7;43,1;80,0;9,1;72,7;233,6;18,7;252,3;63,1;315,3;38,4;80,0;7,4;74,1;238,8;12,3;251,1;55,4;306,5;29,3;81,9;4,9;77,9;241,3;14,0;255,3;45,0;300,3;26,1;85,0;5,5;80,3;242,9;10,6;253,5;44,2;297,7;20,1;85,2;4,2;81,6;245,0;9,8;254,8;47,3;302,1;18,8;84,3;3,8;81,1;260,0;8,1;268,1;42,4;310,5;15,8;86,3;3,0;83,7;266,7;6,9;273,6;48,8;322,3;15,0;84,9;2,5;82,7;281,0;8,0;289,0;44,2;333,2;20,5;86,7;2,8;84,3;291,0;9,2;300,2;41,8;342,0;17,4;87,8;3,1;85,1;301,2;9,2;310,4;37,7;348,1;14,0;89,2;3,0;86,5;305,8;9,8;315,6;32,9;348,5;14,7;90,6;3,1;87,7
55–59;159,3;11,6;170,8;219,9;390,7;22,9;43,7;6,8;40,8;187,0;15,6;202,6;198,3;400,9;29,9;50,5;7,7;46,6;205,1;19,8;224,9;186,0;410,9;38,0;54,7;8,8;49,9;204,2;19,1;223,4;187,5;410,9;39,2;54,4;8,6;49,7;206,0;17,2;223,2;177,7;401,0;38,7;55,7;7,7;51,4;216,3;14,2;230,5;150,2;380,8;30,1;60,5;6,2;56,8;213,9;11,4;225,3;131,3;356,6;26,5;63,2;5,1;60,0;216,9;9,0;225,9;109,5;335,4;18,2;67,4;4,0;64,7;210,6;7,4;218,0;100,5;318,5;15,1;68,4;3,4;66,1;206,5;5,2;211,8;91,1;302,9;12,1;69,9;2,5;68,2;201,8;4,3;206,2;88,5;294,6;11,6;70,0;2,1;68,5;203,1;5,6;208,7;80,3;289,0;13,0;72,2;2,7;70,3;213,4;5,3;218,7;67,8;286,5;11,5;76,3;2,4;74,5;224,0;5,5;229,5;62,6;292,1;9,9;78,6;2,4;76,7;242,0;5,8;247,9;57,0;304,8;10,3;81,3;2,4;79,4
60–64;32,7;...;34,0;304,2;338,2;5,8;10,0;3,8;9,7;33,1;...;34,5;312,1;346,7;7,3;10,0;…;9,5;39,1;…;41,3;313,7;355,1;7,8;11,6;…;11,0;40,5;…;42,7;317,9;360,6;8,6;11,8;…;11,2;40,6;2,7;43,3;323,3;366,6;10,4;11,8;6,1;11,1;50,5;2,7;53,2;324,9;378,1;10,1;14,1;5,1;13,4;67,6;5,1;72,7;317,5;390,3;13,9;18,6;7,0;17,3;86,9;5,3;92,1;304,1;396,3;13,8;23,3;5,7;21,9;92,0;6,0;98,1;296,9;395,0;14,3;24,8;6,1;23,3;101,4;4,0;105,4;277,2;382,6;11,3;27,6;3,8;26,5;101,5;…;103,9;259,3;363,2;9,3;28,6;…;27,9;105,1;3,1;108,3;231,9;340,2;9,5;31,8;2,9;30,9;107,0;3,1;110,1;209,8;320,0;10,6;34,4;2,8;33,5;107,3;4,4;111,6;192,2;303,9;9,1;36,7;3,9;35,3;117,5;5,2;122,7;169,3;292,0;8,7;42,0;4,3;40,2
65–69;9,5;...;9,8;284,9;294,7;…;3,3;...;3,2;10,7;...;10,8;285,3;296,1;…;3,6;...;3,6;11,0;...;11,2;286,1;297,3;…;3,8;...;3,7;11,4;...;12,1;286,4;298,5;2,9;4,1;...;3,8;11,6;...;12,2;291,6;303,7;2,6;4,0;...;3,8;10,3;...;10,6;299,1;309,6;3,1;3,4;...;3,3;12,1;...;12,3;305,7;318,0;…;3,9;...;3,8;13,5;...;13,9;317,7;331,6;…;4,2;...;4,1;14,3;...;14,4;325,2;339,6;…;4,2;...;4,2;15,2;…;15,4;327,5;342,8;2,5;4,5;…;4,4;23,3;…;23,5;330,0;353,5;…;6,6;…;6,6;29,4;…;30,0;334,6;364,6;4,0;8,2;…;8,1;35,0;…;36,4;333,0;369,3;4,6;9,8;…;9,5;35,1;…;35,8;331,7;367,5;…;9,7;…;9,6;36,1;…;37,2;319,1;356,3;2,8;10,4;…;10,1
70–74;…;...;…;252,8;255,3;…;…;...;1,0;2,8;...;2,8;252,9;255,6;…;1,1;...;1,1;3,6;...;3,6;252,4;256,0;…;1,4;...;1,4;2,9;...;2,9;256,1;259,1;…;1,1;...;1,1;…;...;…;261,7;263,6;…;…;...;…;2,9;...;2,9;265,8;268,7;…;1,1;...;1,1;3,4;...;3,5;267,7;271,1;…;1,3;...;1,3;3,6;...;3,8;265,4;269,1;…;1,4;...;1,4;6,1;...;6,1;263,8;270,0;…;2,3;...;2,2;8,4;…;8,5;264,4;272,9;…;3,1;…;3,1;8,4;…;8,5;269,7;278,2;…;3,1;…;3,0;9,2;…;9,4;276,2;285,6;…;3,3;…;3,2;9,3;…;9,7;286,8;296,4;…;3,3;…;3,1;12,2;…;12,8;289,3;302,1;…;4,2;…;4,0;12,9;…;14,0;292,1;306,1;…;4,6;…;4,2
Összesen;1 868,5;185,6;2 054,1;1 945,5;3 999,5;315,4;51,4;9,0;46,7;1 879,9;207,4;2 087,2;1 901,6;3 988,8;345,3;52,3;9,9;47,1;1 880,3;214,0;2 094,3;1 883,2;3 977,4;363,9;52,7;10,2;47,3;1 909,3;210,7;2 120,0;1 839,5;3 959,5;378,5;53,5;9,9;48,2;1 924,7;201,0;2 125,6;1 816,4;3 942,0;369,8;53,9;9,5;48,8;2 001,7;161,1;2 162,8;1 756,6;3 919,4;304,2;55,2;7,5;51,1;2 051,0;145,7;2 196,8;1 699,9;3 896,7;261,1;56,4;6,6;52,6;2 119,5;107,0;2 226,5;1 649,1;3 875,6;203,8;57,4;4,8;54,7;2 130,9;95,8;2 226,8;1 621,0;3 847,8;185,2;57,9;4,3;55,4;2 140,3;81,8;2 222,1;1 567,8;3 790,0;158,4;58,6;3,7;56,5;2 141,1;72,3;2 213,5;1 556,1;3 769,5;146,0;58,7;3,3;56,8;2 114,0;91,4;2 205,5;1 543,1;3 748,6;189,9;58,8;4,1;56,4;2 138,4;94,0;2 232,4;1 497,2;3 729,6;179,9;59,9;4,2;57,3;2 177,9;78,6;2 256,5;1 457,8;3 714,3;134,7;60,8;3,5;58,6;2 189,0;95,2;2 284,2;1 410,4;3 694,6;148,1;61,8;4,2;59,3
15–24;103,3;31,3;134,6;460,3;594,9;45,6;22,6;23,3;17,4;103,1;31,8;134,9;451,3;586,3;45,5;23,0;23,6;17,6;99,7;30,6;130,3;447,5;577,7;47,1;22,5;23,5;17,2;101,5;36,1;137,7;432,7;570,4;55,0;24,1;26,3;17,8;100,9;36,9;137,8;422,8;560,6;56,5;24,6;26,8;18,0;117,3;29,7;147,1;401,5;548,6;45,7;26,8;20,2;21,4;128,6;23,5;152,1;384,1;536,2;36,1;28,4;15,5;24,0;134,5;19,0;153,6;368,9;522,5;32,0;29,4;12,4;25,7;133,5;17,3;150,8;358,9;509,7;30,4;29,6;11,5;26,2;126,1;13,9;140,0;343,4;483,4;24,7;29,0;10,0;26,1;116,0;13,7;129,7;343,3;472,9;25,5;27,4;10,6;24,5;111,3;17,3;128,6;334,5;463,1;29,8;27,8;13,5;24,0;105,9;19,6;125,4;331,6;457,0;32,2;27,4;15,6;23,2;112,8;11,9;124,8;337,5;462,3;20,0;27,0;9,6;24,4;112,4;15,7;128,1;343,2;471,3;22,9;27,2;12,3;23,8
15–64;1 856,6;185,3;2 041,9;1 407,7;3 449,6;313,8;59,2;9,1;53,8;1 866,3;207,3;2 073,7;1 363,4;3 437,1;343,9;60,3;10,0;54,3;1 865,7;213,8;2 079,5;1 344,6;3 424,1;361,8;60,7;10,3;54,5;1 895,0;209,9;2 104,9;1 297,0;3 401,9;375,5;61,9;10,0;55,7;1 911,2;200,4;2 111,5;1 263,1;3 374,7;365,8;62,6;9,5;56,6;1 988,6;160,8;2 149,4;1 191,7;3 341,1;300,6;64,3;7,5;59,5;2 035,5;145,5;2 181,0;1 126,5;3 307,5;257,4;65,9;6,7;61,5;2 102,4;106,4;2 208,8;1 066,0;3 274,8;201,4;67,4;4,8;64,2;2 110,5;95,7;2 206,2;1 032,0;3 238,2;182,1;68,1;4,3;65,2;2 116,7;81,6;2 198,3;975,9;3 174,2;154,5;69,3;3,7;66,7;2 109,4;72,0;2 181,5;956,3;3 137,8;142,5;69,5;3,3;67,2;2 075,4;90,7;2 166,1;932,3;3 098,4;184,6;69,9;4,2;67,0;2 094,1;92,3;2 186,4;877,4;3 063,8;173,8;71,4;4,2;68,3;2 130,6;77,3;2 207,9;836,8;3 044,7;131,7;72,5;3,5;70,0;2 140,0;93,1;2 233,1;799,1;3 032,2;143,8;73,6;4,2;70,6
20–64;1 852,3;180,9;2 033,2;1 128,5;3 161,7;306,4;64,3;8,9;58,6;1 860,9;203,8;2 064,7;1 088,5;3 153,2;337,8;65,5;9,9;59,0;1 861,5;210,6;2 072,1;1 072,1;3 144,2;356,0;65,9;10,2;59,2;1 891,0;206,2;2 097,2;1 032,7;3 129,9;367,9;67,0;9,8;60,4;1 906,4;195,1;2 101,5;1 011,3;3 112,8;357,2;67,5;9,3;61,2;1 980,8;156,8;2 137,6;952,1;3 089,7;292,6;69,2;7,3;64,1;2 028,5;140,7;2 169,2;895,3;3 064,5;249,6;70,8;6,5;66,2;2 093,0;103,2;2 196,2;841,2;3 037,4;195,3;72,3;4,7;68,9;2 100,3;92,2;2 192,5;811,4;3 003,9;175,7;73,0;4,2;69,9;2 106,2;78,7;2 184,9;763,5;2 948,4;148,4;74,1;3,6;71,4;2 100,0;68,5;2 168,6;743,3;2 911,8;136,7;74,5;3,2;72,1;2 067,0;87,8;2 154,8;717,1;2 871,9;179,3;75,0;4,1;72,0;2 086,0;89,0;2 175,0;661,0;2 835,9;167,4;76,7;4,1;73,6;2 121,4;74,0;2 195,4;619,2;2 814,6;126,0;78,0;3,4;75,4;2 131,6;88,4;2 219,9;580,3;2 800,3;135,7;79,3;4,0;76,1
